"DATE","ESTIMATION","FEEDBACKID","TEXT","USERIDFROM","USERIDTO"
"","99","1","Cool","2","1"
"24.11.2021","47","1638816742038","Super","1","1"
"24.11.2021","47","1638817286323","Super","1","1"
"24.11.2021","47","1638817744814","Superu","1","1"
"24.11.2021","47","1638817808557","Superu","1638816111562","1"
"24.11.2021","47","1638817924164","Superu","1","1"
"24.11.2021","47","1638818143072","Superu","1","1638816111562"
"24.11.2021","47","1638818339507","Superu","1","1638816111562"
"24.11.2021","47","1638818409194","Superu","1","1638816111562"
"24.11.2021","47","1638818593694","Superu","1","1638816111562"
"24.11.2021","47","1638818637478","Superu","1","1638816111562"
